timestamp,unix_time,cpu_load,ram_usage,ambient_temp,cpu_temp
2026-01-31 16:56:43,1769858803,1.5,24.9,22.02,41.88
2026-01-31 16:56:45,1769858805,3.0,24.9,22.02,41.38
2026-01-31 16:56:46,1769858806,3.5,24.9,22.03,40.75
2026-01-31 16:56:48,1769858808,2.0,24.9,22.04,40.25
2026-01-31 16:56:49,1769858809,4.0,24.9,22.04,40.0
2026-01-31 16:56:51,1769858811,4.5,24.9,22.05,42.12
2026-01-31 16:56:52,1769858812,2.2,24.9,22.05,41.5
2026-01-31 16:56:54,1769858814,4.3,25.0,22.06,41.5
2026-01-31 16:56:55,1769858815,3.8,25.0,22.07,40.88
2026-01-31 16:56:57,1769858817,2.2,25.0,22.08,41.0
2026-01-31 16:56:58,1769858818,2.2,25.0,22.09,40.62
2026-01-31 16:57:00,1769858820,2.2,24.9,22.1,40.25
2026-01-31 16:57:02,1769858822,3.7,24.9,22.1,39.75
2026-01-31 16:57:03,1769858823,2.2,24.3,22.11,39.75
2026-01-31 16:57:05,1769858825,2.7,24.4,22.13,39.5
2026-01-31 16:57:06,1769858826,4.7,24.4,22.14,39.38
2026-01-31 16:57:08,1769858828,3.0,24.4,22.15,39.0
2026-01-31 16:57:09,1769858829,3.7,24.3,22.16,39.12
2026-01-31 16:57:11,1769858831,1.3,24.3,22.17,38.75
2026-01-31 16:57:12,1769858832,1.5,24.3,22.18,38.38
2026-01-31 16:57:14,1769858834,2.0,24.3,22.2,38.12
2026-01-31 16:57:15,1769858835,1.5,24.3,22.21,37.88
2026-01-31 16:57:17,1769858837,2.5,24.3,22.22,37.5
2026-01-31 16:57:18,1769858838,3.5,24.3,22.24,37.5
2026-01-31 16:57:20,1769858840,2.2,24.3,22.25,37.5
2026-01-31 16:57:22,1769858842,1.8,24.3,22.27,37.25
2026-01-31 16:57:23,1769858843,2.7,24.3,22.29,37.5
2026-01-31 16:57:25,1769858845,2.5,24.3,22.3,37.38
2026-01-31 16:57:26,1769858846,1.8,24.3,22.32,37.25
2026-01-31 16:57:28,1769858848,2.3,24.5,22.33,40.0
2026-01-31 16:57:29,1769858849,2.0,24.9,22.35,42.25
2026-01-31 16:57:31,1769858851,12.0,24.9,22.37,43.25
2026-01-31 16:57:32,1769858852,1.7,24.9,22.39,43.12
2026-01-31 16:57:34,1769858854,12.0,24.9,22.41,43.88
2026-01-31 16:57:35,1769858855,1.5,24.9,22.42,43.62
2026-01-31 16:57:37,1769858857,11.8,24.9,22.44,44.12
2026-01-31 16:57:38,1769858858,2.7,24.9,22.46,44.0
2026-01-31 16:57:40,1769858860,12.4,24.9,22.48,44.62
2026-01-31 16:57:42,1769858862,3.2,24.8,22.5,44.88
2026-01-31 16:57:43,1769858863,11.6,24.9,22.52,45.25
2026-01-31 16:57:45,1769858865,11.5,24.8,22.55,45.75
2026-01-31 16:57:46,1769858866,3.2,24.8,22.57,45.25
2026-01-31 16:57:48,1769858868,11.7,24.8,22.59,45.38
2026-01-31 16:57:49,1769858869,1.8,24.8,22.61,44.88
2026-01-31 16:57:51,1769858871,12.7,24.8,22.63,45.38
2026-01-31 16:57:52,1769858872,1.3,24.8,22.66,44.88
2026-01-31 16:57:54,1769858874,11.9,24.8,22.68,45.12
2026-01-31 16:57:55,1769858875,2.0,24.8,22.7,44.62
2026-01-31 16:57:57,1769858877,11.2,24.7,22.73,45.0
2026-01-31 16:57:59,1769858879,2.8,24.7,22.75,44.5
2026-01-31 16:58:00,1769858880,12.0,24.7,22.77,44.5
2026-01-31 16:58:02,1769858882,12.7,24.7,22.8,44.62
2026-01-31 16:58:03,1769858883,1.3,24.7,22.83,44.12
2026-01-31 16:58:05,1769858885,11.5,24.7,22.85,44.5
2026-01-31 16:58:07,1769858887,1.2,24.7,22.88,44.0
2026-01-31 16:58:08,1769858888,10.2,24.7,22.9,44.25
2026-01-31 16:58:10,1769858890,10.0,24.8,22.93,44.62
2026-01-31 16:58:11,1769858891,2.0,24.8,22.96,44.25
2026-01-31 16:58:13,1769858893,11.2,24.7,22.98,44.5
2026-01-31 16:58:14,1769858894,1.2,24.7,23.01,44.12
2026-01-31 16:58:16,1769858896,11.2,24.7,23.04,44.62
2026-01-31 16:58:17,1769858897,1.0,24.8,23.06,44.12
2026-01-31 16:58:19,1769858899,12.0,24.8,23.09,44.38
2026-01-31 16:58:20,1769858900,2.5,24.8,23.12,44.0
2026-01-31 16:58:22,1769858902,12.3,24.8,23.14,44.12
2026-01-31 16:58:23,1769858903,1.3,24.8,23.17,43.62
2026-01-31 16:58:25,1769858905,11.2,24.8,23.2,44.0
2026-01-31 16:58:26,1769858906,1.0,24.8,23.23,43.38
2026-01-31 16:58:28,1769858908,10.8,24.8,23.26,43.62
2026-01-31 16:58:30,1769858910,1.0,24.6,23.29,42.5
2026-01-31 16:58:31,1769858911,51.3,24.8,23.32,45.5
2026-01-31 16:58:33,1769858913,17.3,24.8,23.35,48.38
2026-01-31 16:58:34,1769858914,34.9,24.8,23.37,55.75
2026-01-31 16:58:36,1769858916,29.2,24.8,23.4,59.5
2026-01-31 16:58:37,1769858917,16.7,24.8,23.43,58.0
2026-01-31 16:58:39,1769858919,51.5,24.8,23.46,58.38
2026-01-31 16:58:41,1769858921,3.0,24.8,23.49,57.0
2026-01-31 16:58:42,1769858922,53.4,24.7,23.52,58.0
2026-01-31 16:58:44,1769858924,2.5,24.8,23.55,57.0
2026-01-31 16:58:45,1769858925,50.8,24.8,23.58,57.62
2026-01-31 16:58:47,1769858927,17.3,24.7,23.62,57.25
2026-01-31 16:58:48,1769858928,32.7,24.7,23.65,58.0
2026-01-31 16:58:50,1769858930,27.1,24.7,23.68,58.12
2026-01-31 16:58:51,1769858931,21.0,24.7,23.71,58.75
2026-01-31 16:58:53,1769858933,37.3,24.7,23.74,59.0
2026-01-31 16:58:54,1769858934,11.1,24.8,23.77,59.0
2026-01-31 16:58:56,1769858936,48.7,24.8,23.8,60.0
2026-01-31 16:58:58,1769858938,2.0,24.8,23.83,58.75
2026-01-31 16:58:59,1769858939,50.9,24.8,23.86,60.0
2026-01-31 16:59:01,1769858941,2.7,24.8,23.89,59.12
2026-01-31 16:59:02,1769858942,43.9,24.8,23.92,59.88
2026-01-31 16:59:04,1769858944,15.5,24.8,23.95,59.5
2026-01-31 16:59:05,1769858945,33.0,24.8,23.98,60.25
2026-01-31 16:59:07,1769858947,24.9,24.8,24.01,60.0
2026-01-31 16:59:08,1769858948,22.5,24.9,24.04,60.25
2026-01-31 16:59:10,1769858950,50.6,24.9,24.08,61.25
2026-01-31 16:59:11,1769858951,1.7,24.9,24.11,60.25
2026-01-31 16:59:13,1769858953,50.8,25.0,24.14,61.38
2026-01-31 16:59:14,1769858954,1.8,25.0,24.17,60.62
2026-01-31 16:59:16,1769858956,51.2,25.0,24.2,61.62
2026-01-31 16:59:18,1769858958,2.0,25.0,24.23,60.62
2026-01-31 16:59:19,1769858959,49.8,25.0,24.26,61.5
2026-01-31 16:59:21,1769858961,9.7,24.9,24.29,60.75
2026-01-31 16:59:22,1769858962,38.6,24.9,24.32,61.62
2026-01-31 16:59:24,1769858964,20.5,24.9,24.35,61.62
2026-01-31 16:59:25,1769858965,13.5,24.9,24.38,61.38
2026-01-31 16:59:27,1769858967,50.7,24.8,24.42,62.12
2026-01-31 16:59:29,1769858969,3.3,24.8,24.45,61.12
2026-01-31 16:59:30,1769858970,51.2,24.8,24.48,62.12
2026-01-31 16:59:32,1769858972,1.3,24.8,24.51,61.12
2026-01-31 16:59:33,1769858973,48.2,24.8,24.54,62.0
2026-01-31 16:59:35,1769858975,10.2,24.8,24.57,61.12
2026-01-31 16:59:36,1769858976,36.5,24.8,24.59,62.0
2026-01-31 16:59:38,1769858978,23.0,24.8,24.62,61.62
2026-01-31 16:59:39,1769858979,24.7,24.8,24.65,62.0
2026-01-31 16:59:41,1769858981,47.3,24.9,24.68,62.5
2026-01-31 16:59:42,1769858982,3.0,24.9,24.71,62.12
2026-01-31 16:59:44,1769858984,51.7,24.8,24.74,63.0
2026-01-31 16:59:46,1769858986,1.7,24.8,24.77,61.88
2026-01-31 16:59:47,1769858987,48.6,24.7,24.8,62.88
2026-01-31 16:59:49,1769858989,10.9,24.6,24.83,62.0
2026-01-31 16:59:50,1769858990,35.5,24.6,24.86,62.75
2026-01-31 16:59:52,1769858992,25.2,24.7,24.88,62.38
2026-01-31 16:59:53,1769858993,25.2,24.6,24.91,62.62
2026-01-31 16:59:55,1769858995,32.1,24.6,24.94,62.62
2026-01-31 16:59:56,1769858996,15.9,24.6,24.96,62.75
2026-01-31 16:59:58,1769858998,51.0,24.6,24.99,63.75
2026-01-31 17:00:00,1769859000,1.8,24.7,25.02,62.75
2026-01-31 17:00:01,1769859001,1.8,24.5,25.04,61.75
2026-01-31 17:00:03,1769859003,1.3,24.5,25.07,58.75
2026-01-31 17:00:04,1769859004,90.5,24.6,25.1,63.62
2026-01-31 17:00:06,1769859006,2.8,24.6,25.12,64.0
2026-01-31 17:00:07,1769859007,92.8,24.6,25.15,66.38
2026-01-31 17:00:09,1769859009,11.2,24.6,25.17,65.88
2026-01-31 17:00:10,1769859010,85.2,24.6,25.2,67.25
2026-01-31 17:00:12,1769859012,39.8,24.6,25.22,67.12
2026-01-31 17:00:13,1769859013,56.7,24.7,25.25,67.88
2026-01-31 17:00:15,1769859015,50.8,24.7,25.27,68.25
2026-01-31 17:00:17,1769859017,40.4,24.7,25.3,68.25
2026-01-31 17:00:18,1769859018,84.3,24.7,25.32,69.38
2026-01-31 17:00:20,1769859020,12.5,24.7,25.34,68.88
2026-01-31 17:00:21,1769859021,94.5,24.7,25.37,70.12
2026-01-31 17:00:23,1769859023,2.2,24.7,25.39,69.38
2026-01-31 17:00:24,1769859024,93.0,24.7,25.41,70.75
2026-01-31 17:00:26,1769859026,13.3,24.7,25.43,70.0
2026-01-31 17:00:27,1769859027,77.4,24.7,25.45,71.0
2026-01-31 17:00:29,1769859029,39.6,24.7,25.47,70.75
2026-01-31 17:00:30,1769859030,57.5,24.7,25.49,70.75
2026-01-31 17:00:32,1769859032,67.4,24.7,25.52,71.38
2026-01-31 17:00:34,1769859034,29.8,24.7,25.54,71.25
2026-01-31 17:00:35,1769859035,95.3,24.7,25.56,72.38
2026-01-31 17:00:37,1769859037,2.2,24.7,25.58,71.62
2026-01-31 17:00:38,1769859038,97.5,24.7,25.59,72.75
2026-01-31 17:00:40,1769859040,27.7,24.7,25.61,72.25
2026-01-31 17:00:41,1769859041,66.3,24.7,25.63,72.75
2026-01-31 17:00:43,1769859043,57.6,24.7,25.65,72.38
2026-01-31 17:00:45,1769859045,39.0,24.7,25.67,72.5
2026-01-31 17:00:46,1769859046,85.5,24.7,25.68,72.88
2026-01-31 17:00:48,1769859048,6.8,24.7,25.7,71.62
2026-01-31 17:00:49,1769859049,76.7,24.7,25.72,73.62
2026-01-31 17:00:51,1769859051,30.4,24.7,25.73,73.12
2026-01-31 17:00:52,1769859052,63.7,24.7,25.75,74.12
2026-01-31 17:00:54,1769859054,43.8,24.7,25.76,74.12
2026-01-31 17:00:56,1769859056,47.5,24.7,25.78,74.62
2026-01-31 17:00:57,1769859057,60.7,24.7,25.79,74.75
2026-01-31 17:00:59,1769859059,36.8,24.7,25.8,74.75
2026-01-31 17:01:00,1769859060,88.0,24.7,25.82,75.38
2026-01-31 17:01:02,1769859062,9.9,24.8,25.83,74.75
2026-01-31 17:01:03,1769859063,97.7,24.8,25.84,75.75
2026-01-31 17:01:05,1769859065,4.5,24.8,25.85,75.0
2026-01-31 17:01:06,1769859066,84.3,24.8,25.87,75.88
2026-01-31 17:01:08,1769859068,40.4,24.8,25.88,75.5
2026-01-31 17:01:10,1769859070,37.8,24.8,25.89,75.62
2026-01-31 17:01:11,1769859071,70.9,24.8,25.9,75.75
2026-01-31 17:01:13,1769859073,26.9,24.9,25.91,75.88
2026-01-31 17:01:14,1769859074,79.8,24.9,25.92,76.25
2026-01-31 17:01:16,1769859076,16.7,24.9,25.93,75.88
2026-01-31 17:01:17,1769859077,92.0,24.9,25.93,76.5
2026-01-31 17:01:19,1769859079,29.1,24.9,25.94,76.0
2026-01-31 17:01:20,1769859080,69.1,24.7,25.95,77.12
2026-01-31 17:01:22,1769859082,41.5,24.7,25.96,76.5
2026-01-31 17:01:23,1769859083,57.9,24.7,25.96,77.38
2026-01-31 17:01:25,1769859085,48.9,24.7,25.97,77.0
2026-01-31 17:01:27,1769859087,30.3,24.7,25.97,77.12
2026-01-31 17:01:28,1769859088,77.2,24.6,25.98,77.25
2026-01-31 17:01:30,1769859090,19.6,24.6,25.98,77.12
2026-01-31 17:01:31,1769859091,96.3,24.5,25.99,78.12
2026-01-31 17:01:33,1769859093,9.8,24.5,25.99,77.25
2026-01-31 17:01:34,1769859094,89.3,24.5,25.99,78.75
2026-01-31 17:01:36,1769859096,20.8,24.5,25.99,80.5
2026-01-31 17:01:37,1769859097,81.2,24.5,26.0,79.75
2026-01-31 17:01:39,1769859099,26.2,24.5,26.0,78.88
2026-01-31 17:01:40,1769859100,71.5,24.5,26.0,78.88
2026-01-31 17:01:42,1769859102,55.0,24.5,26.0,78.5
2026-01-31 17:01:44,1769859104,44.8,24.6,26.0,79.0
2026-01-31 17:01:45,1769859105,60.2,24.6,26.0,78.62
2026-01-31 17:01:47,1769859107,31.4,24.6,26.0,78.62
2026-01-31 17:01:48,1769859108,83.7,24.6,26.0,78.88
2026-01-31 17:01:50,1769859110,8.5,24.6,26.0,78.62
2026-01-31 17:01:51,1769859111,97.8,24.5,25.99,79.5
2026-01-31 17:01:53,1769859113,7.0,24.5,25.99,78.75
2026-01-31 17:01:54,1769859114,91.0,24.5,25.99,79.62
2026-01-31 17:01:56,1769859116,33.3,24.4,25.98,79.0
2026-01-31 17:01:58,1769859118,48.9,24.4,25.98,79.25
2026-01-31 17:01:59,1769859119,75.3,24.4,25.97,79.25
2026-01-31 17:02:01,1769859121,23.6,24.4,25.97,79.38
2026-01-31 17:02:02,1769859122,83.3,24.4,25.96,80.25
2026-01-31 17:02:04,1769859124,3.2,24.3,25.96,76.75
2026-01-31 17:02:05,1769859125,100.0,24.4,25.95,76.38
2026-01-31 17:02:07,1769859127,51.0,24.5,25.94,77.75
2026-01-31 17:02:08,1769859128,100.0,24.5,25.94,79.88
2026-01-31 17:02:10,1769859130,50.6,24.5,25.93,80.38
2026-01-31 17:02:12,1769859132,100.0,24.5,25.92,81.5
2026-01-31 17:02:13,1769859133,51.9,24.5,25.91,81.62
2026-01-31 17:02:15,1769859135,89.5,24.5,25.9,82.12
2026-01-31 17:02:16,1769859136,84.4,24.5,25.89,82.5
2026-01-31 17:02:18,1769859138,59.0,24.5,25.88,82.75
2026-01-31 17:02:19,1769859139,99.8,24.5,25.87,83.5
2026-01-31 17:02:21,1769859141,50.7,24.5,25.86,83.62
2026-01-31 17:02:22,1769859142,100.0,24.5,25.85,84.38
2026-01-31 17:02:24,1769859144,50.8,24.5,25.84,84.25
2026-01-31 17:02:26,1769859146,99.3,24.6,25.82,85.0
2026-01-31 17:02:27,1769859147,50.7,24.6,25.81,84.88
2026-01-31 17:02:29,1769859149,100.0,24.6,25.8,85.62
2026-01-31 17:02:30,1769859150,52.6,24.7,25.78,85.5
2026-01-31 17:02:32,1769859152,93.0,24.6,25.77,86.12
2026-01-31 17:02:33,1769859153,63.7,24.6,25.75,86.0
2026-01-31 17:02:35,1769859155,82.1,24.6,25.74,86.5
2026-01-31 17:02:36,1769859156,72.7,24.6,25.72,86.5
2026-01-31 17:02:38,1769859158,59.9,24.6,25.71,86.75
2026-01-31 17:02:39,1769859159,97.7,24.6,25.69,87.0
2026-01-31 17:02:41,1769859161,50.8,24.6,25.68,87.0
2026-01-31 17:02:42,1769859162,100.0,24.5,25.66,87.5
2026-01-31 17:02:44,1769859164,50.7,24.5,25.64,86.62
2026-01-31 17:02:46,1769859166,100.0,24.5,25.62,87.62
2026-01-31 17:02:47,1769859167,50.9,24.5,25.61,87.62
2026-01-31 17:02:49,1769859169,99.8,24.5,25.59,88.25
2026-01-31 17:02:50,1769859170,50.5,24.5,25.57,88.12
2026-01-31 17:02:52,1769859172,96.3,24.5,25.55,88.62
2026-01-31 17:02:53,1769859173,77.5,24.5,25.53,88.62
2026-01-31 17:02:55,1769859175,63.7,24.5,25.51,88.5
2026-01-31 17:02:56,1769859176,92.5,24.5,25.49,88.88
2026-01-31 17:02:58,1769859178,50.5,24.5,25.47,88.75
2026-01-31 17:02:59,1769859179,99.7,25.5,25.44,89.5
2026-01-31 17:03:01,1769859181,53.8,25.6,25.42,90.0
2026-01-31 17:03:03,1769859183,99.7,25.6,25.4,90.0
2026-01-31 17:03:04,1769859184,55.0,25.6,25.38,89.62
2026-01-31 17:03:06,1769859186,99.7,25.7,25.36,89.88
2026-01-31 17:03:07,1769859187,53.7,25.8,25.34,89.75
2026-01-31 17:03:09,1769859189,99.8,25.9,25.31,90.0
2026-01-31 17:03:10,1769859190,51.4,25.0,25.29,89.88
2026-01-31 17:03:12,1769859192,95.3,24.9,25.27,90.62
2026-01-31 17:03:13,1769859193,78.5,24.9,25.24,90.62
2026-01-31 17:03:15,1769859195,57.5,24.9,25.22,90.25
2026-01-31 17:03:16,1769859196,99.3,24.8,25.19,90.88
2026-01-31 17:03:18,1769859198,50.6,24.8,25.17,90.88
2026-01-31 17:03:19,1769859199,99.7,24.8,25.14,91.12
2026-01-31 17:03:21,1769859201,50.6,24.7,25.12,91.0
2026-01-31 17:03:23,1769859203,100.0,24.7,25.09,91.38
2026-01-31 17:03:24,1769859204,51.7,24.7,25.07,91.12
2026-01-31 17:03:26,1769859206,100.0,24.7,25.04,91.62
2026-01-31 17:03:27,1769859207,50.2,24.6,25.01,91.38
2026-01-31 17:03:29,1769859209,99.7,24.6,24.99,92.0
2026-01-31 17:03:30,1769859210,53.1,24.8,24.96,91.75
2026-01-31 17:03:32,1769859212,93.2,24.8,24.93,92.38
2026-01-31 17:03:33,1769859213,61.7,24.7,24.91,91.88
2026-01-31 17:03:35,1769859215,83.2,24.7,24.88,92.5
2026-01-31 17:03:36,1769859216,1.3,24.5,24.85,88.62
2026-01-31 17:03:38,1769859218,100.0,24.6,24.82,88.62
2026-01-31 17:03:39,1769859219,90.8,24.6,24.8,90.5
2026-01-31 17:03:41,1769859221,99.8,24.6,24.77,91.88
2026-01-31 17:03:42,1769859222,92.7,24.6,24.74,92.5
2026-01-31 17:03:44,1769859224,92.3,24.6,24.71,91.88
2026-01-31 17:03:45,1769859225,100.0,24.6,24.68,91.62
2026-01-31 17:03:47,1769859227,90.2,24.6,24.65,91.38
2026-01-31 17:03:49,1769859229,99.8,24.6,24.62,91.25
2026-01-31 17:03:50,1769859230,90.0,24.6,24.59,91.38
2026-01-31 17:03:52,1769859232,99.5,24.6,24.56,91.25
2026-01-31 17:03:53,1769859233,89.9,24.6,24.54,91.62
2026-01-31 17:03:55,1769859235,100.0,24.6,24.51,91.62
2026-01-31 17:03:56,1769859236,90.0,24.6,24.47,91.75
2026-01-31 17:03:58,1769859238,100.0,24.6,24.44,91.75
2026-01-31 17:03:59,1769859239,90.0,24.6,24.41,91.88
2026-01-31 17:04:01,1769859241,100.0,24.7,24.38,91.88
2026-01-31 17:04:02,1769859242,89.3,24.7,24.35,92.12
2026-01-31 17:04:04,1769859244,95.7,24.6,24.32,92.0
2026-01-31 17:04:05,1769859245,99.5,24.6,24.29,92.38
2026-01-31 17:04:07,1769859247,89.8,24.6,24.26,92.38
2026-01-31 17:04:09,1769859249,100.0,24.7,24.23,92.62
2026-01-31 17:04:10,1769859250,90.2,24.7,24.2,92.75
2026-01-31 17:04:12,1769859252,100.0,24.6,24.17,92.88
2026-01-31 17:04:13,1769859253,89.6,24.6,24.14,93.12
2026-01-31 17:04:15,1769859255,100.0,24.6,24.11,93.12
2026-01-31 17:04:16,1769859256,89.3,24.5,24.08,93.38
2026-01-31 17:04:18,1769859258,100.0,24.6,24.05,93.38
2026-01-31 17:04:19,1769859259,89.1,24.6,24.02,93.62
2026-01-31 17:04:21,1769859261,99.7,24.6,23.99,93.5
2026-01-31 17:04:22,1769859262,90.2,24.6,23.96,93.38
2026-01-31 17:04:24,1769859264,100.0,24.6,23.93,93.38
2026-01-31 17:04:25,1769859265,90.2,24.6,23.9,93.62
2026-01-31 17:04:27,1769859267,99.0,24.6,23.87,93.62
2026-01-31 17:04:28,1769859268,94.0,24.6,23.84,93.88
2026-01-31 17:04:30,1769859270,90.8,24.6,23.81,93.88
2026-01-31 17:04:32,1769859272,100.0,24.6,23.77,94.12
2026-01-31 17:04:33,1769859273,90.2,24.6,23.74,94.12
2026-01-31 17:04:35,1769859275,100.0,24.6,23.71,94.38
2026-01-31 17:04:36,1769859276,91.3,24.6,23.68,94.62
2026-01-31 17:04:38,1769859278,2.0,24.4,23.65,92.75
2026-01-31 17:04:39,1769859279,22.9,24.5,23.62,91.0
2026-01-31 17:04:41,1769859281,1.8,24.6,23.59,88.0
2026-01-31 17:04:42,1769859282,22.7,24.6,23.56,86.75
2026-01-31 17:04:44,1769859284,2.3,24.5,23.53,84.38
2026-01-31 17:04:45,1769859285,21.7,24.5,23.5,82.75
2026-01-31 17:04:47,1769859287,2.8,24.5,23.47,80.75
2026-01-31 17:04:48,1769859288,22.3,24.5,23.44,79.88
2026-01-31 17:04:50,1769859290,4.0,24.5,23.41,78.0
2026-01-31 17:04:51,1769859291,23.7,24.5,23.39,78.12
2026-01-31 17:04:53,1769859293,1.8,24.5,23.36,76.38
2026-01-31 17:04:55,1769859295,19.2,24.5,23.33,75.62
2026-01-31 17:04:56,1769859296,11.5,24.5,23.3,74.88
2026-01-31 17:04:58,1769859298,1.3,24.5,23.27,73.62
2026-01-31 17:04:59,1769859299,20.5,24.5,23.24,73.25
2026-01-31 17:05:01,1769859301,1.0,24.5,23.21,72.0
2026-01-31 17:05:02,1769859302,20.9,24.6,23.18,71.88
2026-01-31 17:05:04,1769859304,2.2,24.6,23.16,70.62
2026-01-31 17:05:05,1769859305,21.7,24.6,23.13,70.62
2026-01-31 17:05:07,1769859307,2.5,24.6,23.1,70.0
2026-01-31 17:05:08,1769859308,21.0,24.5,23.07,70.25
2026-01-31 17:05:10,1769859310,2.0,24.5,23.05,69.0
2026-01-31 17:05:11,1769859311,21.2,24.6,23.02,69.25
2026-01-31 17:05:13,1769859313,0.8,24.6,22.99,68.0
2026-01-31 17:05:14,1769859314,21.0,24.6,22.97,68.25
2026-01-31 17:05:16,1769859316,1.8,24.5,22.94,67.25
2026-01-31 17:05:18,1769859318,18.2,24.5,22.92,67.25
2026-01-31 17:05:19,1769859319,21.8,24.6,22.89,67.62
2026-01-31 17:05:21,1769859321,1.8,24.5,22.86,66.5
2026-01-31 17:05:22,1769859322,21.4,24.5,22.84,66.75
2026-01-31 17:05:24,1769859324,2.8,24.5,22.81,65.75
2026-01-31 17:05:25,1769859325,21.7,24.5,22.79,66.25
2026-01-31 17:05:27,1769859327,2.3,24.6,22.76,65.25
2026-01-31 17:05:28,1769859328,21.5,24.6,22.74,65.62
2026-01-31 17:05:30,1769859330,1.5,24.6,22.72,64.75
2026-01-31 17:05:32,1769859332,14.3,24.6,22.69,64.88
2026-01-31 17:05:33,1769859333,20.7,24.6,22.67,65.38
2026-01-31 17:05:35,1769859335,1.8,24.6,22.64,64.5
2026-01-31 17:05:36,1769859336,21.1,24.5,22.62,65.0
2026-01-31 17:05:38,1769859338,2.2,24.5,22.6,63.75
2026-01-31 17:05:39,1769859339,21.2,24.6,22.58,64.5
2026-01-31 17:05:41,1769859341,1.7,24.5,22.55,63.38
2026-01-31 17:05:43,1769859343,19.9,24.5,22.53,63.5
2026-01-31 17:05:44,1769859344,7.3,24.6,22.51,63.0
2026-01-31 17:05:46,1769859346,10.2,24.6,22.49,63.12
2026-01-31 17:05:47,1769859347,18.9,24.5,22.47,63.38
2026-01-31 17:05:49,1769859349,2.0,24.6,22.45,62.75
2026-01-31 17:05:50,1769859350,20.5,24.6,22.43,63.25
2026-01-31 17:05:52,1769859352,1.5,24.6,22.41,62.62
2026-01-31 17:05:53,1769859353,21.3,24.6,22.4,62.88
2026-01-31 17:05:55,1769859355,1.3,24.6,22.38,61.88
2026-01-31 17:05:56,1769859356,20.9,24.7,22.36,62.25
2026-01-31 17:05:58,1769859358,1.7,24.7,22.34,61.12
2026-01-31 17:06:00,1769859360,19.5,24.7,22.32,61.75
2026-01-31 17:06:01,1769859361,6.8,24.7,22.31,61.25
2026-01-31 17:06:03,1769859363,9.7,24.7,22.29,61.38
2026-01-31 17:06:04,1769859364,20.2,24.7,22.28,61.75
2026-01-31 17:06:06,1769859366,0.7,24.7,22.26,60.62
2026-01-31 17:06:07,1769859367,21.1,24.8,22.24,60.75
2026-01-31 17:06:09,1769859369,6.8,24.7,22.23,60.38
2026-01-31 17:06:11,1769859371,12.0,24.6,22.21,60.62
2026-01-31 17:06:12,1769859372,21.1,24.7,22.2,61.12
2026-01-31 17:06:14,1769859374,2.5,24.6,22.19,60.25
2026-01-31 17:06:15,1769859375,21.4,24.7,22.17,61.0
2026-01-31 17:06:17,1769859377,2.2,24.7,22.16,59.88
2026-01-31 17:06:19,1769859379,20.9,24.7,22.15,60.5
2026-01-31 17:06:20,1769859380,1.8,24.7,22.14,59.75
2026-01-31 17:06:22,1769859382,19.6,24.7,22.13,60.25
2026-01-31 17:06:23,1769859383,8.5,24.7,22.12,59.88
2026-01-31 17:06:25,1769859385,7.8,24.7,22.11,60.25
2026-01-31 17:06:26,1769859386,21.9,24.7,22.1,60.62
2026-01-31 17:06:28,1769859388,2.2,24.7,22.09,60.12
2026-01-31 17:06:29,1769859389,21.3,24.7,22.08,60.62
2026-01-31 17:06:31,1769859391,1.8,24.8,22.07,59.5
2026-01-31 17:06:32,1769859392,21.4,24.7,22.06,60.38
2026-01-31 17:06:34,1769859394,2.0,24.7,22.05,59.62
2026-01-31 17:06:36,1769859396,21.0,24.7,22.05,60.12
2026-01-31 17:06:37,1769859397,21.3,24.7,22.04,60.62
2026-01-31 17:06:39,1769859399,2.2,24.7,22.03,59.62
2026-01-31 17:06:40,1769859400,2.2,24.6,22.03,57.38
2026-01-31 17:06:42,1769859402,3.3,24.3,22.02,55.5
2026-01-31 17:06:43,1769859403,1.5,24.3,22.02,55.0
2026-01-31 17:06:45,1769859405,1.2,24.3,22.02,53.38
2026-01-31 17:06:47,1769859407,1.5,24.3,22.01,51.88
2026-01-31 17:06:48,1769859408,1.5,24.3,22.01,50.5
2026-01-31 17:06:50,1769859410,1.8,24.2,22.01,49.75
2026-01-31 17:06:51,1769859411,1.8,24.2,22.0,48.75
2026-01-31 17:06:53,1769859413,2.3,24.3,22.0,48.5
2026-01-31 17:06:54,1769859414,6.5,24.3,22.0,47.75
2026-01-31 17:06:56,1769859416,3.2,24.3,22.0,47.0
2026-01-31 17:06:57,1769859417,7.0,24.3,22.0,46.38
2026-01-31 17:06:59,1769859419,3.2,24.4,22.0,48.0
2026-01-31 17:07:00,1769859420,1.3,24.7,22.0,49.62
2026-01-31 17:07:02,1769859422,11.9,24.7,22.0,50.25
2026-01-31 17:07:04,1769859424,2.3,24.8,22.0,50.12
2026-01-31 17:07:05,1769859425,13.2,24.8,22.01,50.62
2026-01-31 17:07:07,1769859427,2.8,24.8,22.01,50.25
2026-01-31 17:07:08,1769859428,11.7,24.8,22.01,50.75
2026-01-31 17:07:10,1769859430,1.2,24.8,22.02,50.25
2026-01-31 17:07:11,1769859431,10.1,24.8,22.02,50.62
2026-01-31 17:07:13,1769859433,9.5,24.8,22.02,50.75
2026-01-31 17:07:14,1769859434,1.5,24.8,22.03,50.25
2026-01-31 17:07:16,1769859436,11.2,24.8,22.03,50.5
2026-01-31 17:07:17,1769859437,1.3,24.8,22.04,49.88
2026-01-31 17:07:19,1769859439,11.8,24.8,22.05,50.25
2026-01-31 17:07:21,1769859441,1.5,24.8,22.05,49.75
2026-01-31 17:07:22,1769859442,11.3,24.8,22.06,50.0
2026-01-31 17:07:24,1769859444,12.3,24.8,22.07,50.25
2026-01-31 17:07:25,1769859445,1.8,24.8,22.08,49.62
2026-01-31 17:07:27,1769859447,11.0,24.8,22.09,49.88
2026-01-31 17:07:29,1769859449,1.7,24.8,22.1,49.25
2026-01-31 17:07:30,1769859450,10.5,24.8,22.11,49.62
2026-01-31 17:07:32,1769859452,3.9,24.8,22.12,49.38
2026-01-31 17:07:33,1769859453,3.5,24.7,22.13,49.5
2026-01-31 17:07:35,1769859455,12.5,24.7,22.14,49.75
2026-01-31 17:07:36,1769859456,3.8,24.7,22.15,62.75
2026-01-31 17:07:38,1769859458,10.7,24.7,22.16,60.88
2026-01-31 17:07:39,1769859459,1.7,24.7,22.18,59.5
2026-01-31 17:07:41,1769859461,12.0,24.7,22.19,57.5
2026-01-31 17:07:43,1769859463,6.2,24.7,22.2,56.0
2026-01-31 17:07:44,1769859464,1.7,24.7,22.22,55.75
2026-01-31 17:07:46,1769859466,11.8,24.8,22.23,54.62
2026-01-31 17:07:47,1769859467,1.7,24.8,22.25,53.12
2026-01-31 17:07:49,1769859469,12.0,24.7,22.26,52.5
2026-01-31 17:07:51,1769859471,2.5,24.8,22.28,51.62
2026-01-31 17:07:52,1769859472,11.2,24.8,22.29,52.62
2026-01-31 17:07:54,1769859474,3.2,24.9,22.31,51.62
2026-01-31 17:07:55,1769859475,4.3,24.9,22.33,51.12
2026-01-31 17:07:57,1769859477,11.0,24.9,22.34,50.88
2026-01-31 17:07:58,1769859478,1.3,24.8,22.36,49.88
2026-01-31 17:08:00,1769859480,1.5,24.6,22.38,49.12
2026-01-31 17:08:02,1769859482,2.5,24.6,22.4,47.88
2026-01-31 17:08:03,1769859483,50.7,24.7,22.42,53.38
2026-01-31 17:08:05,1769859485,1.8,24.7,22.44,54.62
2026-01-31 17:08:06,1769859486,40.6,24.7,22.46,57.12
2026-01-31 17:08:08,1769859488,18.6,24.7,22.48,58.75
2026-01-31 17:08:10,1769859490,1.3,24.7,22.5,58.38
2026-01-31 17:08:11,1769859491,50.7,24.7,22.52,59.75
2026-01-31 17:08:13,1769859493,24.2,24.7,22.54,60.12
2026-01-31 17:08:14,1769859494,17.5,24.7,22.57,60.12
2026-01-31 17:08:16,1769859496,50.8,24.7,22.59,61.38
2026-01-31 17:08:18,1769859498,1.5,24.7,22.61,60.5
2026-01-31 17:08:19,1769859499,51.1,24.7,22.63,61.38
2026-01-31 17:08:21,1769859501,1.3,24.7,22.65,60.62
2026-01-31 17:08:22,1769859502,50.7,24.7,22.68,61.75
2026-01-31 17:08:24,1769859504,2.5,24.7,22.7,61.0
2026-01-31 17:08:25,1769859505,50.3,24.7,22.72,62.0
2026-01-31 17:08:27,1769859507,6.5,24.7,22.75,61.38
2026-01-31 17:08:28,1769859508,39.3,24.7,22.77,62.0
2026-01-31 17:08:30,1769859510,19.9,24.8,22.8,61.88
2026-01-31 17:08:31,1769859511,25.5,24.8,22.82,62.0
2026-01-31 17:08:33,1769859513,50.3,24.8,22.85,63.0
2026-01-31 17:08:34,1769859514,1.5,24.8,22.87,62.25
2026-01-31 17:08:36,1769859516,50.8,24.8,22.9,63.25
2026-01-31 17:08:38,1769859518,2.7,24.8,22.92,62.25
2026-01-31 17:08:39,1769859519,49.7,24.8,22.95,63.5
2026-01-31 17:08:41,1769859521,1.3,24.7,22.98,62.5
2026-01-31 17:08:42,1769859522,50.6,24.7,23.0,63.5
2026-01-31 17:08:44,1769859524,2.5,24.8,23.03,62.5
2026-01-31 17:08:45,1769859525,50.5,24.8,23.06,63.5
2026-01-31 17:08:47,1769859527,7.1,24.8,23.08,62.75
2026-01-31 17:08:48,1769859528,41.2,24.8,23.11,63.62
2026-01-31 17:08:50,1769859530,17.6,24.8,23.14,63.25
2026-01-31 17:08:51,1769859531,26.9,24.8,23.17,63.5
2026-01-31 17:08:53,1769859533,49.3,24.7,23.2,64.38
2026-01-31 17:08:54,1769859534,2.0,24.7,23.22,63.62
2026-01-31 17:08:56,1769859536,50.6,24.8,23.25,64.5
2026-01-31 17:08:58,1769859538,1.8,24.7,23.28,63.62
2026-01-31 17:08:59,1769859539,50.4,24.8,23.31,64.75
2026-01-31 17:09:01,1769859541,1.8,24.8,23.34,63.88
2026-01-31 17:09:02,1769859542,51.2,24.8,23.37,64.88
2026-01-31 17:09:04,1769859544,1.8,24.8,23.4,63.75
2026-01-31 17:09:05,1769859545,50.3,24.8,23.42,64.88
2026-01-31 17:09:07,1769859547,2.5,24.7,23.45,64.25
2026-01-31 17:09:08,1769859548,26.7,24.7,23.49,64.62
2026-01-31 17:09:10,1769859550,48.3,24.7,23.52,65.25
2026-01-31 17:09:12,1769859552,2.0,24.8,23.55,64.38
2026-01-31 17:09:13,1769859553,50.5,24.8,23.58,65.38
2026-01-31 17:09:15,1769859555,1.5,24.8,23.61,64.38
2026-01-31 17:09:16,1769859556,50.8,24.8,23.64,65.38
2026-01-31 17:09:18,1769859558,1.8,24.8,23.67,64.5
2026-01-31 17:09:19,1769859559,48.9,24.8,23.7,65.62
2026-01-31 17:09:21,1769859561,8.7,24.8,23.73,65.12
2026-01-31 17:09:22,1769859562,24.7,24.7,23.76,65.5
2026-01-31 17:09:24,1769859564,33.8,24.7,23.79,65.5
2026-01-31 17:09:25,1769859565,13.2,24.7,23.82,65.25
2026-01-31 17:09:27,1769859567,51.1,24.7,23.85,66.12
2026-01-31 17:09:29,1769859569,1.7,24.6,23.88,65.12
2026-01-31 17:09:30,1769859570,50.3,24.6,23.91,65.88
2026-01-31 17:09:32,1769859572,1.7,24.6,23.95,64.88
2026-01-31 17:09:33,1769859573,1.3,24.4,23.98,62.0
2026-01-31 17:09:35,1769859575,3.2,24.6,24.01,63.38
2026-01-31 17:09:36,1769859576,93.0,24.6,24.04,67.0
2026-01-31 17:09:38,1769859578,15.0,24.6,24.07,67.75
2026-01-31 17:09:39,1769859579,63.4,24.6,24.1,69.25
2026-01-31 17:09:41,1769859581,60.7,24.5,24.13,70.12
2026-01-31 17:09:43,1769859583,31.4,24.5,24.17,70.12
2026-01-31 17:09:44,1769859584,93.2,24.5,24.2,71.5
2026-01-31 17:09:46,1769859586,1.8,24.5,24.23,70.88
2026-01-31 17:09:47,1769859587,93.2,24.5,24.26,72.12
2026-01-31 17:09:49,1769859589,31.9,24.6,24.29,71.75
2026-01-31 17:09:50,1769859590,61.2,24.6,24.32,72.62
2026-01-31 17:09:52,1769859592,46.3,24.6,24.35,72.5
2026-01-31 17:09:54,1769859594,52.1,24.5,24.38,73.0
2026-01-31 17:09:55,1769859595,52.5,24.5,24.41,73.12
2026-01-31 17:09:57,1769859597,43.6,24.6,24.44,73.25
2026-01-31 17:09:58,1769859598,80.5,24.6,24.47,74.0
2026-01-31 17:10:00,1769859600,15.1,24.6,24.5,73.38
2026-01-31 17:10:01,1769859601,92.7,24.6,24.53,74.62
2026-01-31 17:10:03,1769859603,3.5,24.6,24.56,73.88
2026-01-31 17:10:04,1769859604,97.8,24.6,24.59,75.12
2026-01-31 17:10:06,1769859606,9.8,24.6,24.62,74.25
2026-01-31 17:10:07,1769859607,85.2,24.6,24.65,75.25
2026-01-31 17:10:09,1769859609,27.4,24.6,24.68,73.75
2026-01-31 17:10:10,1769859610,70.2,24.6,24.71,74.5
2026-01-31 17:10:12,1769859612,36.9,24.6,24.73,74.62
2026-01-31 17:10:14,1769859614,54.8,24.6,24.76,75.5
2026-01-31 17:10:15,1769859615,57.6,24.6,24.79,75.25
2026-01-31 17:10:17,1769859617,34.8,24.6,24.82,74.75
2026-01-31 17:10:18,1769859618,89.5,24.6,24.85,75.75
2026-01-31 17:10:20,1769859620,7.2,24.6,24.88,75.38
2026-01-31 17:10:21,1769859621,99.5,24.6,24.9,76.25
2026-01-31 17:10:23,1769859623,15.8,24.6,24.93,75.62
2026-01-31 17:10:24,1769859624,82.2,24.7,24.96,77.12
2026-01-31 17:10:26,1769859626,31.4,24.7,24.99,77.5
2026-01-31 17:10:27,1769859627,77.1,24.7,25.01,79.25
2026-01-31 17:10:29,1769859629,42.0,24.8,25.04,80.12
2026-01-31 17:10:30,1769859630,72.7,24.8,25.06,81.25
2026-01-31 17:10:32,1769859632,41.7,24.7,25.09,81.5
2026-01-31 17:10:34,1769859634,64.1,24.7,25.12,82.12
2026-01-31 17:10:35,1769859635,48.2,24.7,25.14,82.12
2026-01-31 17:10:37,1769859637,61.8,24.6,25.16,83.62
2026-01-31 17:10:38,1769859638,54.6,24.6,25.19,84.12
2026-01-31 17:10:40,1769859640,43.3,24.6,25.21,84.38
2026-01-31 17:10:41,1769859641,74.0,24.6,25.24,84.0
2026-01-31 17:10:43,1769859643,31.7,24.6,25.26,84.0
2026-01-31 17:10:44,1769859644,82.0,24.6,25.29,84.0
2026-01-31 17:10:46,1769859646,19.0,24.6,25.31,84.38
2026-01-31 17:10:47,1769859647,94.0,24.6,25.33,84.88
2026-01-31 17:10:49,1769859649,13.4,24.6,25.36,85.12
2026-01-31 17:10:51,1769859651,33.6,24.6,25.38,84.75
2026-01-31 17:10:52,1769859652,73.0,24.6,25.4,84.0
2026-01-31 17:10:54,1769859654,23.9,24.6,25.43,83.38
2026-01-31 17:10:55,1769859655,83.7,24.6,25.45,83.25
2026-01-31 17:10:57,1769859657,12.7,24.6,25.47,81.75
2026-01-31 17:10:58,1769859658,94.2,24.6,25.49,82.12
2026-01-31 17:11:00,1769859660,2.0,24.6,25.51,81.88
2026-01-31 17:11:01,1769859661,96.8,24.6,25.53,82.62
2026-01-31 17:11:03,1769859663,7.3,24.6,25.55,81.75
2026-01-31 17:11:04,1769859664,69.6,24.6,25.57,82.75
2026-01-31 17:11:06,1769859666,37.1,24.6,25.59,82.0
2026-01-31 17:11:08,1769859668,60.6,24.6,25.61,82.0
2026-01-31 17:11:09,1769859669,46.6,24.6,25.62,82.0
2026-01-31 17:11:11,1769859671,45.9,24.6,25.64,81.88
2026-01-31 17:11:12,1769859672,73.9,24.5,25.66,81.5
2026-01-31 17:11:14,1769859674,22.9,24.5,25.68,81.12
2026-01-31 17:11:15,1769859675,97.0,24.5,25.69,81.75
2026-01-31 17:11:17,1769859677,4.3,24.5,25.71,80.75
2026-01-31 17:11:18,1769859678,93.8,24.5,25.72,82.0
2026-01-31 17:11:20,1769859680,30.2,24.6,25.74,80.75
2026-01-31 17:11:22,1769859682,66.6,24.7,25.76,82.38
2026-01-31 17:11:23,1769859683,38.8,24.7,25.77,82.0
2026-01-31 17:11:25,1769859685,58.1,24.7,25.78,82.88
2026-01-31 17:11:26,1769859686,48.2,24.7,25.8,82.12
2026-01-31 17:11:28,1769859688,49.6,24.7,25.81,82.75
2026-01-31 17:11:29,1769859689,55.5,24.7,25.82,82.5
2026-01-31 17:11:31,1769859691,41.6,24.7,25.84,82.75
2026-01-31 17:11:32,1769859692,65.9,24.7,25.85,82.25
2026-01-31 17:11:34,1769859694,27.5,24.7,25.86,81.5
2026-01-31 17:11:36,1769859696,1.5,24.6,25.87,78.0
2026-01-31 17:11:37,1769859697,50.3,24.7,25.88,79.88
2026-01-31 17:11:39,1769859699,99.3,24.7,25.89,82.38
2026-01-31 17:11:40,1769859700,60.1,24.7,25.9,82.62
2026-01-31 17:11:42,1769859702,88.0,24.8,25.91,83.88
2026-01-31 17:11:43,1769859703,68.8,24.7,25.92,84.25
2026-01-31 17:11:45,1769859705,77.5,24.7,25.93,85.0
2026-01-31 17:11:46,1769859706,96.5,24.7,25.94,85.75
2026-01-31 17:11:48,1769859708,50.5,24.7,25.95,85.75
2026-01-31 17:11:50,1769859710,100.0,24.7,25.95,86.62
2026-01-31 17:11:51,1769859711,50.7,24.7,25.96,86.5
2026-01-31 17:11:53,1769859713,100.0,24.7,25.96,87.5
2026-01-31 17:11:54,1769859714,50.8,24.7,25.97,87.12
2026-01-31 17:11:56,1769859716,99.8,24.7,25.98,88.12
2026-01-31 17:11:57,1769859717,54.3,24.7,25.98,87.75
2026-01-31 17:11:59,1769859719,91.7,24.6,25.98,88.25
2026-01-31 17:12:00,1769859720,77.7,24.6,25.99,88.25
2026-01-31 17:12:02,1769859722,59.3,24.6,25.99,88.38
2026-01-31 17:12:03,1769859723,94.7,24.6,25.99,88.88
2026-01-31 17:12:05,1769859725,51.5,24.6,26.0,88.75
2026-01-31 17:12:07,1769859727,100.0,24.6,26.0,89.25
2026-01-31 17:12:08,1769859728,50.6,24.6,26.0,89.0
2026-01-31 17:12:10,1769859730,100.0,24.6,26.0,89.62
2026-01-31 17:12:11,1769859731,50.6,24.5,26.0,89.5
2026-01-31 17:12:13,1769859733,100.0,24.6,26.0,90.12
2026-01-31 17:12:14,1769859734,52.1,24.6,26.0,89.88
2026-01-31 17:12:16,1769859736,94.5,24.7,26.0,90.62
2026-01-31 17:12:17,1769859737,59.8,24.7,26.0,90.38
2026-01-31 17:12:19,1769859739,87.1,24.7,25.99,90.62
2026-01-31 17:12:20,1769859740,82.5,24.7,25.99,90.75
2026-01-31 17:12:22,1769859742,54.6,24.7,25.99,90.62
2026-01-31 17:12:23,1769859743,99.8,24.7,25.99,91.12
2026-01-31 17:12:25,1769859745,50.7,24.7,25.98,90.88
2026-01-31 17:12:27,1769859747,100.0,24.7,25.98,91.38
2026-01-31 17:12:28,1769859748,49.0,24.7,25.97,91.12
2026-01-31 17:12:30,1769859750,100.0,24.7,25.97,91.88
2026-01-31 17:12:31,1769859751,50.8,24.7,25.96,91.5
2026-01-31 17:12:33,1769859753,100.0,24.6,25.96,92.12
2026-01-31 17:12:34,1769859754,51.3,24.7,25.95,91.75
2026-01-31 17:12:36,1769859756,100.0,24.6,25.94,92.5
2026-01-31 17:12:37,1769859757,61.7,24.6,25.93,92.12
2026-01-31 17:12:39,1769859759,82.6,24.6,25.93,92.25
2026-01-31 17:12:40,1769859760,91.2,24.6,25.92,92.5
2026-01-31 17:12:42,1769859762,50.3,24.6,25.91,92.38
2026-01-31 17:12:44,1769859764,100.0,24.6,25.9,92.88
2026-01-31 17:12:45,1769859765,50.5,24.6,25.89,92.62
2026-01-31 17:12:47,1769859767,98.0,24.6,25.88,93.12
2026-01-31 17:12:48,1769859768,59.6,24.6,25.87,92.75
2026-01-31 17:12:50,1769859770,85.5,24.6,25.86,93.25
2026-01-31 17:12:51,1769859771,70.7,24.6,25.84,93.0
2026-01-31 17:12:53,1769859773,74.3,24.6,25.83,93.38
2026-01-31 17:12:54,1769859774,82.7,24.6,25.82,93.38
2026-01-31 17:12:56,1769859776,61.8,24.6,25.81,93.38
2026-01-31 17:12:57,1769859777,99.8,24.6,25.79,93.62
2026-01-31 17:12:59,1769859779,50.5,24.6,25.78,93.38
2026-01-31 17:13:01,1769859781,100.0,24.6,25.76,93.75
2026-01-31 17:13:02,1769859782,50.6,24.6,25.75,93.5
2026-01-31 17:13:04,1769859784,100.0,24.6,25.73,94.0
2026-01-31 17:13:05,1769859785,55.9,24.6,25.72,93.75
2026-01-31 17:13:07,1769859787,1.0,24.5,25.7,91.88
2026-01-31 17:13:08,1769859788,42.8,24.6,25.69,89.12
2026-01-31 17:13:10,1769859790,100.0,24.6,25.67,92.38
2026-01-31 17:13:11,1769859791,89.9,24.6,25.65,93.62
2026-01-31 17:13:13,1769859793,100.0,24.8,25.63,94.5
2026-01-31 17:13:14,1769859794,90.3,24.8,25.62,94.38
2026-01-31 17:13:16,1769859796,100.0,24.8,25.6,93.75
2026-01-31 17:13:17,1769859797,92.0,24.7,25.58,93.62
2026-01-31 17:13:19,1769859799,93.2,24.7,25.56,93.25
2026-01-31 17:13:21,1769859801,99.8,24.7,25.54,93.38
2026-01-31 17:13:22,1769859802,90.0,24.6,25.52,93.25
2026-01-31 17:13:24,1769859804,100.0,24.6,25.5,93.38
2026-01-31 17:13:25,1769859805,90.0,24.6,25.48,93.38
2026-01-31 17:13:27,1769859807,100.0,24.7,25.46,93.62
2026-01-31 17:13:28,1769859808,90.2,24.7,25.44,93.75
2026-01-31 17:13:30,1769859810,99.2,24.7,25.42,93.88
2026-01-31 17:13:31,1769859811,89.8,24.7,25.4,93.62
2026-01-31 17:13:33,1769859813,99.5,24.7,25.38,93.5
2026-01-31 17:13:34,1769859814,89.5,24.7,25.35,94.12
2026-01-31 17:13:36,1769859816,100.0,24.6,25.33,94.12
2026-01-31 17:13:37,1769859817,90.3,24.6,25.31,94.5
2026-01-31 17:13:39,1769859819,100.0,24.8,25.28,94.5
2026-01-31 17:13:40,1769859820,89.3,24.8,25.26,94.88
2026-01-31 17:13:42,1769859822,100.0,24.8,25.24,94.75
2026-01-31 17:13:43,1769859823,89.6,24.8,25.21,95.0
2026-01-31 17:13:45,1769859825,100.0,24.7,25.19,94.62
2026-01-31 17:13:46,1769859826,95.5,24.7,25.16,95.0
2026-01-31 17:13:48,1769859828,89.5,24.7,25.14,95.0
2026-01-31 17:13:50,1769859830,100.0,24.7,25.11,95.0
2026-01-31 17:13:51,1769859831,90.2,24.7,25.09,94.62
2026-01-31 17:13:53,1769859833,100.0,24.6,25.06,94.62
2026-01-31 17:13:54,1769859834,90.0,24.7,25.03,95.25
2026-01-31 17:13:56,1769859836,100.0,24.7,25.01,95.38
2026-01-31 17:13:57,1769859837,89.7,24.7,24.98,93.88
2026-01-31 17:13:59,1769859839,100.0,24.7,24.95,91.12
2026-01-31 17:14:00,1769859840,90.5,24.7,24.93,88.5
2026-01-31 17:14:02,1769859842,100.0,24.7,24.9,86.5
2026-01-31 17:14:03,1769859843,90.0,24.7,24.87,85.38
2026-01-31 17:14:05,1769859845,98.5,24.7,24.84,84.25
2026-01-31 17:14:07,1769859847,100.0,24.7,24.81,83.0
2026-01-31 17:14:08,1769859848,71.0,24.5,24.79,82.12
2026-01-31 17:14:10,1769859850,1.2,24.5,24.76,79.5
2026-01-31 17:14:11,1769859851,20.5,24.6,24.73,78.62
2026-01-31 17:14:13,1769859853,1.2,24.6,24.7,77.12
2026-01-31 17:14:15,1769859855,21.6,24.6,24.67,76.5
2026-01-31 17:14:16,1769859856,16.3,24.6,24.64,75.88
2026-01-31 17:14:18,1769859858,0.8,24.7,24.61,74.5
2026-01-31 17:14:19,1769859859,20.3,24.7,24.58,74.25
2026-01-31 17:14:21,1769859861,1.0,24.7,24.55,72.75
2026-01-31 17:14:22,1769859862,20.7,24.7,24.52,72.5
2026-01-31 17:14:24,1769859864,1.7,24.7,24.49,71.12
2026-01-31 17:14:26,1769859866,20.8,24.7,24.46,70.88
2026-01-31 17:14:27,1769859867,14.8,24.7,24.42,70.5
2026-01-31 17:14:29,1769859869,1.5,24.7,24.39,69.38
2026-01-31 17:14:30,1769859870,20.3,24.7,24.36,69.25
2026-01-31 17:14:32,1769859872,0.7,24.7,24.33,68.0
2026-01-31 17:14:33,1769859873,20.7,24.7,24.3,68.0
2026-01-31 17:14:35,1769859875,1.2,24.7,24.27,67.0
2026-01-31 17:14:37,1769859877,15.4,24.7,24.24,66.75
2026-01-31 17:14:38,1769859878,13.2,24.7,24.21,66.38
2026-01-31 17:14:40,1769859880,4.7,24.7,24.18,66.0
2026-01-31 17:14:41,1769859881,19.9,24.7,24.15,66.0
2026-01-31 17:14:43,1769859883,1.0,24.7,24.12,64.88
2026-01-31 17:14:44,1769859884,21.1,24.7,24.08,64.88
2026-01-31 17:14:46,1769859886,1.5,24.7,24.05,64.0
2026-01-31 17:14:48,1769859888,19.7,24.7,24.02,64.12
2026-01-31 17:14:49,1769859889,7.5,24.8,23.99,63.62
2026-01-31 17:14:51,1769859891,9.6,24.7,23.96,63.25
2026-01-31 17:14:52,1769859892,22.2,24.7,23.93,63.88
2026-01-31 17:14:54,1769859894,1.5,24.7,23.9,62.88
2026-01-31 17:14:55,1769859895,20.5,24.8,23.86,62.88
2026-01-31 17:14:57,1769859897,1.2,24.8,23.83,62.12
2026-01-31 17:14:58,1769859898,20.0,24.7,23.8,62.0
2026-01-31 17:15:00,1769859900,1.2,24.8,23.77,61.38
2026-01-31 17:15:02,1769859902,14.6,24.7,23.74,61.38
2026-01-31 17:15:03,1769859903,13.8,24.8,23.71,61.5
2026-01-31 17:15:05,1769859905,0.8,24.8,23.68,60.75
2026-01-31 17:15:06,1769859906,20.5,24.7,23.65,61.0
2026-01-31 17:15:08,1769859908,0.7,24.7,23.62,60.12
2026-01-31 17:15:09,1769859909,20.3,24.7,23.59,60.12
2026-01-31 17:15:11,1769859911,0.8,24.7,23.56,59.25
2026-01-31 17:15:13,1769859913,20.7,24.7,23.52,59.5
2026-01-31 17:15:14,1769859914,12.0,24.7,23.49,59.38
2026-01-31 17:15:16,1769859916,3.7,24.7,23.46,58.88
2026-01-31 17:15:17,1769859917,20.5,24.7,23.43,59.12
2026-01-31 17:15:19,1769859919,4.3,24.7,23.4,58.62
2026-01-31 17:15:20,1769859920,22.5,24.7,23.38,59.25
2026-01-31 17:15:22,1769859922,0.8,24.7,23.35,58.62
2026-01-31 17:15:23,1769859923,20.5,24.7,23.32,58.88
2026-01-31 17:15:25,1769859925,1.0,24.7,23.29,58.12
2026-01-31 17:15:27,1769859927,21.0,24.7,23.26,58.38
2026-01-31 17:15:28,1769859928,3.5,24.7,23.23,57.88
2026-01-31 17:15:30,1769859930,13.8,24.7,23.2,58.12
2026-01-31 17:15:31,1769859931,11.8,24.7,23.17,58.12
2026-01-31 17:15:33,1769859933,4.8,24.7,23.15,57.88
2026-01-31 17:15:34,1769859934,20.5,24.7,23.12,58.0
2026-01-31 17:15:36,1769859936,0.7,24.7,23.09,57.12
2026-01-31 17:15:37,1769859937,21.5,24.7,23.06,57.62
2026-01-31 17:15:39,1769859939,1.2,24.7,23.03,57.0
2026-01-31 17:15:40,1769859940,20.7,24.7,23.01,57.38
2026-01-31 17:15:42,1769859942,1.2,24.7,22.98,56.75
2026-01-31 17:15:44,1769859944,21.0,24.7,22.95,57.12
2026-01-31 17:15:45,1769859945,1.0,24.7,22.93,57.5
2026-01-31 17:15:47,1769859947,8.8,24.7,22.9,57.25
2026-01-31 17:15:48,1769859948,20.5,24.7,22.88,57.25
2026-01-31 17:15:50,1769859950,0.8,24.8,22.85,56.5
2026-01-31 17:15:51,1769859951,20.7,24.8,22.82,56.88
2026-01-31 17:15:53,1769859953,1.2,24.7,22.8,56.62
2026-01-31 17:15:55,1769859955,21.0,24.8,22.77,57.0
2026-01-31 17:15:56,1769859956,1.2,24.8,22.75,56.0
2026-01-31 17:15:58,1769859958,20.7,24.8,22.73,56.38
2026-01-31 17:15:59,1769859959,18.6,24.7,22.7,56.75
2026-01-31 17:16:01,1769859961,1.2,24.7,22.68,56.0
2026-01-31 17:16:02,1769859962,19.8,24.7,22.65,56.12
2026-01-31 17:16:04,1769859964,2.0,24.7,22.63,55.5
2026-01-31 17:16:05,1769859965,20.7,24.8,22.61,56.0
2026-01-31 17:16:07,1769859967,0.7,24.8,22.59,55.38
2026-01-31 17:16:09,1769859969,20.9,24.8,22.57,55.75
2026-01-31 17:16:10,1769859970,1.3,24.7,22.54,55.12
2026-01-31 17:16:12,1769859972,1.8,24.5,22.52,53.5
2026-01-31 17:16:13,1769859973,0.8,24.3,22.5,52.12
2026-01-31 17:16:15,1769859975,1.8,24.2,22.48,50.88
2026-01-31 17:16:16,1769859976,1.7,24.2,22.46,49.75
2026-01-31 17:16:18,1769859978,0.7,24.2,22.44,48.75
2026-01-31 17:16:19,1769859979,0.7,24.2,22.42,48.0
2026-01-31 17:16:21,1769859981,1.0,24.2,22.41,47.12
2026-01-31 17:16:22,1769859982,1.2,24.2,22.39,46.5
2026-01-31 17:16:24,1769859984,1.0,24.2,22.37,45.88
2026-01-31 17:16:25,1769859985,0.8,24.2,22.35,45.38
2026-01-31 17:16:27,1769859987,0.8,24.2,22.33,44.75
2026-01-31 17:16:28,1769859988,0.8,24.2,22.32,44.38
2026-01-31 17:16:30,1769859990,1.3,24.2,22.3,44.0
2026-01-31 17:16:32,1769859992,0.8,24.2,22.29,43.75
2026-01-31 17:16:33,1769859993,1.0,24.2,22.27,43.38
2026-01-31 17:16:35,1769859995,0.8,24.2,22.25,43.12
2026-01-31 17:16:36,1769859996,2.0,24.2,22.24,43.12
2026-01-31 17:16:38,1769859998,3.5,24.2,22.23,59.38
2026-01-31 17:16:39,1769859999,0.8,24.3,22.21,56.75
2026-01-31 17:16:41,1769860001,1.5,24.3,22.2,54.5
2026-01-31 17:16:42,1769860002,0.8,24.3,22.18,52.62
2026-01-31 17:16:44,1769860004,1.7,24.3,22.17,50.88
2026-01-31 17:16:45,1769860005,0.8,24.3,22.16,50.0
2026-01-31 17:16:47,1769860007,1.8,24.3,22.15,48.75
2026-01-31 17:16:48,1769860008,1.7,24.3,22.14,47.62
2026-01-31 17:16:50,1769860010,1.7,24.3,22.13,46.62
2026-01-31 17:16:52,1769860012,1.2,24.3,22.12,45.62
2026-01-31 17:16:53,1769860013,1.8,24.3,22.11,45.5
2026-01-31 17:16:55,1769860015,0.7,24.3,22.1,44.75
2026-01-31 17:16:56,1769860016,1.3,24.3,22.09,44.0
2026-01-31 17:16:58,1769860018,1.3,24.3,22.08,43.38
2026-01-31 17:16:59,1769860019,0.8,24.3,22.07,43.0
2026-01-31 17:17:01,1769860021,1.2,24.3,22.06,42.5
2026-01-31 17:17:02,1769860022,0.8,24.3,22.05,42.12
2026-01-31 17:17:04,1769860024,1.7,24.3,22.05,41.75
2026-01-31 17:17:05,1769860025,1.0,24.3,22.04,41.5
2026-01-31 17:17:07,1769860027,1.0,24.3,22.03,41.12
2026-01-31 17:17:09,1769860029,2.3,24.2,22.03,41.12
2026-01-31 17:17:10,1769860030,1.0,24.3,22.02,41.0
2026-01-31 17:17:12,1769860032,1.5,24.3,22.02,40.62
2026-01-31 17:17:13,1769860033,1.0,24.3,22.02,40.38
2026-01-31 17:17:15,1769860035,1.0,24.2,22.01,40.38
2026-01-31 17:17:16,1769860036,0.8,24.1,22.01,40.12
2026-01-31 17:17:18,1769860038,2.0,24.2,22.01,40.0
2026-01-31 17:17:20,1769860040,2.8,24.2,22.0,40.0
2026-01-31 17:17:21,1769860041,2.3,24.2,22.0,40.75
2026-01-31 17:17:23,1769860043,1.7,24.2,22.0,40.62
2026-01-31 17:17:24,1769860044,1.3,24.3,22.0,40.5
2026-01-31 17:17:26,1769860046,16.7,24.4,22.0,42.62
2026-01-31 17:17:27,1769860047,1.0,24.4,22.0,42.12
2026-01-31 17:17:29,1769860049,12.4,24.6,22.0,45.38
2026-01-31 17:17:30,1769860050,0.7,24.6,22.0,45.25
2026-01-31 17:17:32,1769860052,10.8,24.6,22.0,45.88
2026-01-31 17:17:33,1769860053,7.8,24.6,22.01,46.38
2026-01-31 17:17:35,1769860055,1.2,24.6,22.01,46.38
2026-01-31 17:17:37,1769860057,11.1,24.6,22.01,46.75
2026-01-31 17:17:38,1769860058,0.8,24.6,22.02,46.25
2026-01-31 17:17:40,1769860060,11.2,24.6,22.02,46.62
2026-01-31 17:17:41,1769860061,7.3,24.6,22.02,47.12
2026-01-31 17:17:43,1769860063,1.0,24.6,22.03,46.75
2026-01-31 17:17:45,1769860065,10.8,24.6,22.04,47.0
2026-01-31 17:17:46,1769860066,0.5,24.6,22.04,46.5
2026-01-31 17:17:48,1769860068,10.3,24.6,22.05,46.75
2026-01-31 17:17:49,1769860069,1.3,24.6,22.06,46.38
2026-01-31 17:17:51,1769860071,10.9,24.7,22.06,46.5
2026-01-31 17:17:52,1769860072,5.8,24.7,22.07,47.0
2026-01-31 17:17:54,1769860074,3.2,24.7,22.08,46.75
2026-01-31 17:17:55,1769860075,10.8,24.7,22.09,47.0
2026-01-31 17:17:57,1769860077,1.7,24.7,22.1,46.38
2026-01-31 17:17:59,1769860079,10.7,24.7,22.11,46.62
2026-01-31 17:18:00,1769860080,1.2,24.7,22.12,46.12
2026-01-31 17:18:02,1769860082,11.0,24.8,22.13,46.38
2026-01-31 17:18:03,1769860083,1.0,24.8,22.14,45.88
2026-01-31 17:18:05,1769860085,11.8,24.8,22.15,46.12
2026-01-31 17:18:06,1769860086,1.0,24.8,22.16,45.62
2026-01-31 17:18:08,1769860088,10.8,24.8,22.18,45.62
2026-01-31 17:18:09,1769860089,0.8,24.8,22.19,45.25
2026-01-31 17:18:11,1769860091,10.4,24.8,22.2,45.38
2026-01-31 17:18:12,1769860092,11.0,24.8,22.22,45.5
2026-01-31 17:18:14,1769860094,4.3,24.8,22.23,45.25
2026-01-31 17:18:16,1769860096,12.5,24.8,22.24,45.62
2026-01-31 17:18:17,1769860097,1.2,24.8,22.26,45.25
2026-01-31 17:18:19,1769860099,14.0,24.8,22.27,45.62
2026-01-31 17:18:20,1769860100,2.8,24.8,22.29,45.38
2026-01-31 17:18:22,1769860102,11.9,24.8,22.31,45.75
2026-01-31 17:18:23,1769860103,2.3,24.8,22.32,45.75
2026-01-31 17:18:25,1769860105,11.4,24.8,22.34,46.12
2026-01-31 17:18:26,1769860106,9.0,24.8,22.36,46.38
2026-01-31 17:18:28,1769860108,3.4,24.6,22.38,45.38
2026-01-31 17:18:29,1769860109,19.2,24.8,22.39,47.38
2026-01-31 17:18:31,1769860111,15.2,24.7,22.41,51.38
2026-01-31 17:18:33,1769860113,43.6,24.7,22.43,55.12
2026-01-31 17:18:34,1769860114,4.3,24.8,22.45,56.0
2026-01-31 17:18:36,1769860116,50.3,24.8,22.47,58.38
2026-01-31 17:18:37,1769860117,0.8,24.8,22.49,58.0
2026-01-31 17:18:39,1769860119,50.3,24.8,22.51,59.75
2026-01-31 17:18:40,1769860120,0.7,24.8,22.53,59.25
2026-01-31 17:18:42,1769860122,50.2,24.8,22.55,60.62
2026-01-31 17:18:43,1769860123,1.0,24.8,22.57,60.0
2026-01-31 17:18:45,1769860125,50.3,24.8,22.6,61.25
2026-01-31 17:18:46,1769860126,20.0,24.8,22.62,60.88
2026-01-31 17:18:48,1769860128,26.6,24.8,22.64,61.38
2026-01-31 17:18:50,1769860130,30.8,24.8,22.66,61.5
2026-01-31 17:18:51,1769860131,11.1,24.8,22.69,61.25
2026-01-31 17:18:53,1769860133,49.9,24.7,22.71,62.75
2026-01-31 17:18:54,1769860134,0.5,24.7,22.74,61.88
2026-01-31 17:18:56,1769860136,50.0,24.7,22.76,62.12
2026-01-31 17:18:57,1769860137,1.3,24.7,22.79,61.12
2026-01-31 17:18:59,1769860139,39.7,24.7,22.81,62.38
2026-01-31 17:19:01,1769860141,31.0,24.7,22.84,62.0
2026-01-31 17:19:02,1769860142,17.3,24.7,22.86,62.25
2026-01-31 17:19:04,1769860144,38.7,24.8,22.89,63.0
2026-01-31 17:19:05,1769860145,8.2,24.8,22.91,62.62
2026-01-31 17:19:07,1769860147,49.8,24.7,22.94,63.75
2026-01-31 17:19:08,1769860148,1.0,24.7,22.96,62.5
2026-01-31 17:19:10,1769860150,50.6,24.7,22.99,63.62
2026-01-31 17:19:11,1769860151,1.5,24.7,23.02,63.0
2026-01-31 17:19:13,1769860153,31.9,24.7,23.05,63.75
2026-01-31 17:19:15,1769860155,23.5,24.7,23.07,63.5
2026-01-31 17:19:16,1769860156,22.3,24.7,23.1,63.75
2026-01-31 17:19:18,1769860158,50.3,24.7,23.13,64.88
2026-01-31 17:19:19,1769860159,1.0,24.7,23.16,64.0
2026-01-31 17:19:21,1769860161,50.3,24.7,23.19,65.0
2026-01-31 17:19:22,1769860162,0.7,24.7,23.21,64.0
2026-01-31 17:19:24,1769860164,50.2,24.7,23.24,64.75
2026-01-31 17:19:25,1769860165,11.8,24.7,23.27,64.12
2026-01-31 17:19:27,1769860167,31.2,24.7,23.3,64.38
2026-01-31 17:19:29,1769860169,43.4,24.7,23.33,65.25
2026-01-31 17:19:30,1769860170,1.3,24.7,23.36,64.75
2026-01-31 17:19:32,1769860172,50.0,24.7,23.39,65.62
2026-01-31 17:19:33,1769860173,1.0,24.7,23.42,64.75
2026-01-31 17:19:35,1769860175,50.5,24.7,23.45,65.75
2026-01-31 17:19:36,1769860176,1.7,24.7,23.48,64.75
2026-01-31 17:19:38,1769860178,51.2,24.7,23.51,68.5
2026-01-31 17:19:39,1769860179,9.5,24.7,23.54,66.5
2026-01-31 17:19:41,1769860181,37.3,24.7,23.57,66.12
2026-01-31 17:19:43,1769860183,37.1,24.7,23.6,66.38
2026-01-31 17:19:44,1769860184,2.5,24.7,23.63,65.25
2026-01-31 17:19:46,1769860186,50.6,24.7,23.66,66.38
2026-01-31 17:19:47,1769860187,1.0,24.7,23.69,65.38
2026-01-31 17:19:49,1769860189,50.2,24.8,23.72,66.12
2026-01-31 17:19:50,1769860190,1.0,24.8,23.75,65.12
2026-01-31 17:19:52,1769860192,51.3,24.8,23.78,66.25
2026-01-31 17:19:53,1769860193,4.2,24.8,23.82,65.38
2026-01-31 17:19:55,1769860195,42.6,24.8,23.85,66.25
2026-01-31 17:19:57,1769860197,15.6,24.8,23.88,65.62
2026-01-31 17:19:58,1769860198,18.1,24.8,23.91,65.38
2026-01-31 17:20:00,1769860200,1.8,24.7,23.94,64.5
2026-01-31 17:20:01,1769860201,1.7,24.7,23.97,61.88
2026-01-31 17:20:03,1769860203,52.6,24.8,24.0,65.38
2026-01-31 17:20:04,1769860204,40.3,24.8,24.03,66.62
2026-01-31 17:20:06,1769860206,68.1,24.8,24.06,67.88
2026-01-31 17:20:07,1769860207,29.2,24.8,24.09,68.62
2026-01-31 17:20:09,1769860209,94.9,24.8,24.13,70.0
2026-01-31 17:20:10,1769860210,1.8,24.8,24.16,69.75
2026-01-31 17:20:12,1769860212,96.7,24.8,24.19,71.5
2026-01-31 17:20:14,1769860214,10.3,24.8,24.22,69.88
2026-01-31 17:20:15,1769860215,80.7,24.8,24.25,71.38
2026-01-31 17:20:17,1769860217,26.8,25.3,24.28,72.12
2026-01-31 17:20:18,1769860218,71.3,25.2,24.31,73.12
2026-01-31 17:20:20,1769860220,36.2,25.1,24.34,72.62
2026-01-31 17:20:21,1769860221,59.1,25.0,24.37,72.75
2026-01-31 17:20:23,1769860223,48.3,24.9,24.4,73.0
2026-01-31 17:20:24,1769860224,47.6,24.8,24.43,73.5
2026-01-31 17:20:26,1769860226,59.1,24.8,24.46,73.62
2026-01-31 17:20:27,1769860227,36.6,24.8,24.49,73.88
2026-01-31 17:20:29,1769860229,71.0,24.7,24.52,73.75
2026-01-31 17:20:30,1769860230,24.9,24.7,24.55,73.25
2026-01-31 17:20:32,1769860232,94.5,24.7,24.58,74.88
2026-01-31 17:20:34,1769860234,2.2,24.7,24.61,74.25
2026-01-31 17:20:35,1769860235,80.7,24.7,24.64,74.88
2026-01-31 17:20:37,1769860237,27.0,24.6,24.67,74.5
2026-01-31 17:20:38,1769860238,67.8,24.6,24.69,74.88
2026-01-31 17:20:40,1769860240,52.0,24.7,24.72,74.12
2026-01-31 17:20:41,1769860241,44.2,24.7,24.75,74.5
2026-01-31 17:20:43,1769860243,63.5,24.7,24.78,75.5
2026-01-31 17:20:44,1769860244,27.5,24.7,24.81,74.88
2026-01-31 17:20:46,1769860246,91.9,24.7,24.84,76.38
2026-01-31 17:20:47,1769860247,4.5,24.7,24.87,75.62
2026-01-31 17:20:49,1769860249,98.5,24.7,24.89,76.88
2026-01-31 17:20:51,1769860251,9.0,24.7,24.92,76.0
2026-01-31 17:20:52,1769860252,86.5,24.7,24.95,76.5
2026-01-31 17:20:54,1769860254,19.8,24.7,24.98,76.25
2026-01-31 17:20:55,1769860255,72.9,24.7,25.0,76.5
2026-01-31 17:20:57,1769860257,47.2,24.7,25.03,76.38
2026-01-31 17:20:58,1769860258,36.7,24.7,25.06,76.38
2026-01-31 17:21:00,1769860260,91.3,24.7,25.08,77.0
2026-01-31 17:21:02,1769860262,4.8,24.7,25.11,75.5
2026-01-31 17:21:03,1769860263,98.7,24.7,25.13,77.62
2026-01-31 17:21:05,1769860265,6.3,24.7,25.16,76.75
2026-01-31 17:21:06,1769860266,89.5,24.7,25.18,77.5
2026-01-31 17:21:08,1769860268,15.0,24.7,25.21,76.88
2026-01-31 17:21:09,1769860269,80.8,24.7,25.23,77.5
2026-01-31 17:21:11,1769860271,38.9,24.7,25.26,76.25
2026-01-31 17:21:12,1769860272,58.7,24.7,25.28,76.88
2026-01-31 17:21:14,1769860274,48.1,24.7,25.3,77.25
2026-01-31 17:21:15,1769860275,48.3,24.7,25.33,77.75
2026-01-31 17:21:17,1769860277,71.4,24.7,25.35,77.88
2026-01-31 17:21:18,1769860278,24.8,24.6,25.37,77.0
2026-01-31 17:21:20,1769860280,99.3,24.6,25.4,77.88
2026-01-31 17:21:22,1769860282,23.5,24.6,25.42,77.5
2026-01-31 17:21:23,1769860283,72.1,24.7,25.44,78.0
2026-01-31 17:21:25,1769860285,35.0,24.6,25.46,77.88
2026-01-31 17:21:26,1769860286,62.1,24.6,25.48,78.5
2026-01-31 17:21:28,1769860288,45.0,24.6,25.5,78.0
2026-01-31 17:21:29,1769860289,41.8,24.6,25.52,78.12
2026-01-31 17:21:31,1769860291,78.5,24.6,25.54,78.0
2026-01-31 17:21:32,1769860292,11.7,24.6,25.56,77.12
2026-01-31 17:21:34,1769860294,92.2,24.6,25.58,78.75
2026-01-31 17:21:36,1769860296,16.0,24.6,25.6,78.12
2026-01-31 17:21:37,1769860297,81.8,24.7,25.62,79.25
2026-01-31 17:21:39,1769860299,25.8,24.7,25.64,77.62
2026-01-31 17:21:40,1769860300,69.4,24.7,25.66,78.38
2026-01-31 17:21:42,1769860302,36.2,24.7,25.67,78.38
2026-01-31 17:21:43,1769860303,58.6,24.6,25.69,78.62
2026-01-31 17:21:45,1769860305,49.5,24.6,25.71,77.75
2026-01-31 17:21:46,1769860306,33.5,24.6,25.72,78.38
2026-01-31 17:21:48,1769860308,86.2,24.6,25.74,79.5
2026-01-31 17:21:50,1769860310,10.1,24.6,25.75,78.12
2026-01-31 17:21:51,1769860311,98.3,24.7,25.77,79.25
2026-01-31 17:21:53,1769860313,36.5,24.7,25.78,78.12
2026-01-31 17:21:54,1769860314,61.1,24.7,25.8,79.62
2026-01-31 17:21:56,1769860316,45.8,24.7,25.81,79.62
2026-01-31 17:21:57,1769860317,46.6,24.7,25.82,79.38
2026-01-31 17:21:59,1769860319,77.4,24.7,25.84,79.5
2026-01-31 17:22:00,1769860320,19.4,24.7,25.85,79.0
2026-01-31 17:22:02,1769860322,2.2,24.6,25.86,78.38
2026-01-31 17:22:04,1769860324,0.8,24.6,25.87,75.0
2026-01-31 17:22:05,1769860325,100.0,24.7,25.88,79.38
2026-01-31 17:22:07,1769860327,50.6,24.8,25.89,80.75
2026-01-31 17:22:08,1769860328,100.0,24.8,25.9,81.62
2026-01-31 17:22:10,1769860330,50.8,24.8,25.91,81.5
2026-01-31 17:22:11,1769860331,100.0,24.8,25.92,83.25
2026-01-31 17:22:13,1769860333,51.1,24.8,25.93,82.75
2026-01-31 17:22:14,1769860334,100.0,24.8,25.94,83.5
2026-01-31 17:22:16,1769860336,50.4,24.8,25.94,84.12
2026-01-31 17:22:17,1769860337,99.2,24.7,25.95,85.5
2026-01-31 17:22:19,1769860339,54.9,24.8,25.96,85.38
2026-01-31 17:22:20,1769860340,90.8,24.8,25.96,86.25
2026-01-31 17:22:22,1769860342,65.6,24.8,25.97,86.38
2026-01-31 17:22:23,1769860343,74.5,24.8,25.97,86.88
2026-01-31 17:22:25,1769860345,82.2,24.8,25.98,87.0
2026-01-31 17:22:27,1769860347,59.9,24.8,25.98,86.38
2026-01-31 17:22:28,1769860348,100.0,24.8,25.99,87.38
2026-01-31 17:22:30,1769860350,50.0,24.7,25.99,86.88
2026-01-31 17:22:31,1769860351,100.0,24.7,25.99,88.0
2026-01-31 17:22:33,1769860353,50.7,24.7,26.0,87.38
2026-01-31 17:22:34,1769860354,100.0,24.7,26.0,87.88
2026-01-31 17:22:36,1769860356,51.2,24.8,26.0,88.0
2026-01-31 17:22:37,1769860357,100.0,24.8,26.0,89.12
2026-01-31 17:22:39,1769860359,56.7,24.8,26.0,91.25
2026-01-31 17:22:40,1769860360,91.0,24.9,26.0,90.88
2026-01-31 17:22:42,1769860362,65.1,24.8,26.0,90.0
2026-01-31 17:22:43,1769860363,80.3,24.8,26.0,89.75
2026-01-31 17:22:45,1769860365,75.7,24.8,26.0,89.75
2026-01-31 17:22:47,1769860367,70.0,24.8,26.0,89.5
2026-01-31 17:22:48,1769860368,100.0,24.8,25.99,90.0
2026-01-31 17:22:50,1769860370,50.4,24.8,25.99,89.62
2026-01-31 17:22:51,1769860371,100.0,24.8,25.99,90.12
2026-01-31 17:22:53,1769860373,51.7,24.8,25.98,89.88
2026-01-31 17:22:54,1769860374,100.0,24.8,25.98,90.38
2026-01-31 17:22:56,1769860376,50.4,24.8,25.97,89.62
2026-01-31 17:22:57,1769860377,90.3,24.8,25.97,90.25
2026-01-31 17:22:59,1769860379,83.4,24.8,25.96,90.88
2026-01-31 17:23:01,1769860381,58.4,24.8,25.96,90.75
2026-01-31 17:23:02,1769860382,98.3,24.8,25.95,91.12
2026-01-31 17:23:04,1769860384,50.1,24.8,25.94,91.62
2026-01-31 17:23:05,1769860385,99.5,24.8,25.94,91.75
2026-01-31 17:23:07,1769860387,50.6,24.8,25.93,91.25
2026-01-31 17:23:08,1769860388,100.0,24.8,25.92,91.75
2026-01-31 17:23:10,1769860390,50.9,24.8,25.91,91.12
2026-01-31 17:23:11,1769860391,100.0,24.8,25.9,92.5
2026-01-31 17:23:13,1769860393,50.6,24.8,25.89,91.62
2026-01-31 17:23:14,1769860394,99.0,24.8,25.88,92.88
2026-01-31 17:23:16,1769860396,54.5,24.8,25.87,91.88
2026-01-31 17:23:17,1769860397,91.4,24.8,25.86,92.0
2026-01-31 17:23:19,1769860399,82.9,24.8,25.85,92.38
2026-01-31 17:23:21,1769860401,57.3,24.8,25.84,92.75
2026-01-31 17:23:22,1769860402,100.0,24.8,25.82,92.88
2026-01-31 17:23:24,1769860404,50.6,24.8,25.81,92.25
2026-01-31 17:23:25,1769860405,100.0,24.8,25.8,92.75
2026-01-31 17:23:27,1769860407,50.5,24.8,25.78,92.25
2026-01-31 17:23:28,1769860408,100.0,24.7,25.77,92.75
2026-01-31 17:23:30,1769860410,51.2,24.7,25.75,93.0
2026-01-31 17:23:31,1769860411,89.5,24.7,25.74,92.88
2026-01-31 17:23:33,1769860413,84.6,24.7,25.72,93.12
2026-01-31 17:23:35,1769860415,1.0,24.4,25.71,90.75
2026-01-31 17:23:36,1769860416,87.4,24.5,25.69,88.38
2026-01-31 17:23:38,1769860418,99.2,24.6,25.67,92.12
2026-01-31 17:23:39,1769860419,99.8,24.6,25.66,93.75
2026-01-31 17:23:41,1769860421,90.2,24.6,25.64,94.62
2026-01-31 17:23:42,1769860422,100.0,24.6,25.62,94.38
2026-01-31 17:23:44,1769860424,90.8,24.6,25.6,93.88
2026-01-31 17:23:45,1769860425,100.0,24.6,25.59,93.62
2026-01-31 17:23:47,1769860427,89.6,24.7,25.57,93.5
2026-01-31 17:23:48,1769860428,100.0,24.7,25.55,93.38
2026-01-31 17:23:50,1769860430,90.3,24.7,25.53,93.5
2026-01-31 17:23:51,1769860431,100.0,24.7,25.51,93.38
2026-01-31 17:23:53,1769860433,89.5,24.7,25.49,93.75
2026-01-31 17:23:54,1769860434,100.0,24.6,25.47,93.62
2026-01-31 17:23:56,1769860436,90.2,24.7,25.45,93.88
2026-01-31 17:23:58,1769860438,100.0,24.7,25.42,94.0
2026-01-31 17:23:59,1769860439,90.2,24.7,25.4,94.12
2026-01-31 17:24:01,1769860441,97.3,24.6,25.38,94.0
2026-01-31 17:24:02,1769860442,96.7,24.7,25.36,94.25
2026-01-31 17:24:04,1769860444,89.9,24.8,25.33,94.38
2026-01-31 17:24:05,1769860445,100.0,24.8,25.31,94.38
2026-01-31 17:24:07,1769860447,90.1,24.9,25.29,94.5
2026-01-31 17:24:08,1769860448,100.0,24.9,25.27,94.12
2026-01-31 17:24:10,1769860450,89.6,24.9,25.24,94.12
2026-01-31 17:24:11,1769860451,100.0,24.8,25.22,94.12
2026-01-31 17:24:13,1769860453,90.0,24.8,25.19,94.12
2026-01-31 17:24:14,1769860454,100.0,24.8,25.17,94.25
2026-01-31 17:24:16,1769860456,90.0,24.9,25.14,94.88
2026-01-31 17:24:17,1769860457,100.0,24.8,25.12,94.88
2026-01-31 17:24:19,1769860459,90.5,24.8,25.09,95.25
2026-01-31 17:24:21,1769860461,100.0,24.8,25.07,94.88
2026-01-31 17:24:22,1769860462,90.3,24.8,25.04,94.12
2026-01-31 17:24:24,1769860464,100.0,24.8,25.02,92.12
2026-01-31 17:24:25,1769860465,89.3,24.9,24.99,90.12
2026-01-31 17:24:27,1769860467,91.8,24.9,24.96,88.25
2026-01-31 17:24:28,1769860468,99.8,24.9,24.93,86.75
2026-01-31 17:24:30,1769860470,90.3,24.9,24.91,85.12
2026-01-31 17:24:31,1769860471,100.0,24.9,24.88,83.75
2026-01-31 17:24:33,1769860473,89.3,24.9,24.85,82.5
2026-01-31 17:24:34,1769860474,100.0,24.9,24.82,82.88
2026-01-31 17:24:36,1769860476,46.6,24.7,24.8,81.75
2026-01-31 17:24:38,1769860478,1.0,24.8,24.77,79.38
2026-01-31 17:24:39,1769860479,21.3,24.9,24.74,78.62
2026-01-31 17:24:41,1769860481,1.5,24.9,24.71,77.12
2026-01-31 17:24:42,1769860482,21.1,24.9,24.68,76.62
2026-01-31 17:24:44,1769860484,18.9,24.9,24.65,75.75
2026-01-31 17:24:45,1769860485,1.3,24.9,24.62,74.5
2026-01-31 17:24:47,1769860487,22.0,24.9,24.59,74.12
2026-01-31 17:24:49,1769860489,1.2,25.0,24.56,72.88
2026-01-31 17:24:50,1769860490,21.3,25.0,24.53,72.75
2026-01-31 17:24:52,1769860492,2.5,25.0,24.5,71.5
2026-01-31 17:24:53,1769860493,22.7,25.0,24.47,72.0
2026-01-31 17:24:55,1769860495,1.7,25.0,24.44,70.75
2026-01-31 17:24:56,1769860496,20.4,25.0,24.41,70.62
2026-01-31 17:24:58,1769860498,1.5,25.1,24.38,69.75
2026-01-31 17:24:59,1769860499,14.6,25.1,24.35,69.38
2026-01-31 17:25:01,1769860501,14.6,25.1,24.32,68.88
2026-01-31 17:25:02,1769860502,2.5,25.1,24.29,68.25
2026-01-31 17:25:04,1769860504,21.4,25.1,24.26,67.88
2026-01-31 17:25:06,1769860506,1.3,25.1,24.23,66.75
2026-01-31 17:25:07,1769860507,20.8,25.1,24.19,67.0
2026-01-31 17:25:09,1769860509,1.8,25.1,24.16,66.12
2026-01-31 17:25:10,1769860510,21.0,25.1,24.13,66.12
2026-01-31 17:25:12,1769860512,0.7,25.1,24.1,65.25
2026-01-31 17:25:13,1769860513,15.0,25.1,24.07,65.25
2026-01-31 17:25:15,1769860515,21.0,25.3,24.04,65.75
2026-01-31 17:25:16,1769860516,1.5,25.3,24.01,65.0
2026-01-31 17:25:18,1769860518,20.9,25.3,23.98,65.25
2026-01-31 17:25:19,1769860519,1.3,25.3,23.95,64.38
2026-01-31 17:25:21,1769860521,20.9,25.3,23.92,64.25
2026-01-31 17:25:23,1769860523,1.0,25.3,23.89,63.38
2026-01-31 17:25:24,1769860524,21.1,25.3,23.85,64.12
2026-01-31 17:25:26,1769860526,1.5,25.3,23.82,63.25
2026-01-31 17:25:27,1769860527,20.7,25.3,23.79,63.5
2026-01-31 17:25:29,1769860529,2.0,25.3,23.76,62.75
2026-01-31 17:25:30,1769860530,16.4,25.3,23.73,63.0
2026-01-31 17:25:32,1769860532,11.9,25.3,23.7,62.75
2026-01-31 17:25:33,1769860533,4.5,25.3,23.67,62.25
2026-01-31 17:25:35,1769860535,21.4,25.2,23.64,62.62
2026-01-31 17:25:36,1769860536,0.8,25.2,23.61,61.88
2026-01-31 17:25:38,1769860538,22.3,25.1,23.58,62.25
2026-01-31 17:25:39,1769860539,1.0,25.1,23.55,68.62
2026-01-31 17:25:41,1769860541,21.5,25.1,23.52,67.0
2026-01-31 17:25:42,1769860542,3.3,25.1,23.49,65.25
2026-01-31 17:25:44,1769860544,20.9,25.1,23.46,64.5
2026-01-31 17:25:46,1769860546,1.3,25.2,23.43,63.25
2026-01-31 17:25:47,1769860547,21.0,25.1,23.41,63.12
2026-01-31 17:25:49,1769860549,1.3,25.0,23.38,62.0
2026-01-31 17:25:50,1769860550,21.0,25.0,23.35,61.88
2026-01-31 17:25:52,1769860552,1.0,25.0,23.32,60.88
2026-01-31 17:25:53,1769860553,22.3,25.0,23.29,61.5
2026-01-31 17:25:55,1769860555,15.1,25.0,23.26,61.25
2026-01-31 17:25:56,1769860556,3.8,25.0,23.23,60.88
2026-01-31 17:25:58,1769860558,21.3,25.0,23.2,61.38
2026-01-31 17:26:00,1769860560,0.8,25.1,23.17,60.62
2026-01-31 17:26:01,1769860561,20.8,25.1,23.14,61.12
2026-01-31 17:26:03,1769860563,2.0,25.1,23.12,60.12
2026-01-31 17:26:04,1769860564,21.3,25.1,23.09,60.38
2026-01-31 17:26:06,1769860566,0.8,25.1,23.06,59.75
2026-01-31 17:26:07,1769860567,20.3,25.1,23.03,60.25
2026-01-31 17:26:09,1769860569,4.3,25.1,23.01,59.75
2026-01-31 17:26:10,1769860570,14.2,25.1,22.98,60.0
2026-01-31 17:26:12,1769860572,20.5,25.1,22.95,60.12
2026-01-31 17:26:14,1769860574,0.8,25.1,22.93,59.12
2026-01-31 17:26:15,1769860575,21.0,25.1,22.9,59.5
2026-01-31 17:26:17,1769860577,1.3,25.1,22.87,58.62
2026-01-31 17:26:18,1769860578,20.4,25.1,22.85,59.25
2026-01-31 17:26:20,1769860580,13.3,25.1,22.82,59.12
2026-01-31 17:26:21,1769860581,4.8,25.1,22.8,58.88
2026-01-31 17:26:23,1769860583,20.8,25.2,22.77,59.38
2026-01-31 17:26:25,1769860585,1.2,25.2,22.75,58.75
2026-01-31 17:26:26,1769860586,21.3,25.1,22.72,59.38
2026-01-31 17:26:28,1769860588,1.3,25.1,22.7,58.62
2026-01-31 17:26:29,1769860589,20.8,25.1,22.68,59.25
2026-01-31 17:26:31,1769860591,1.0,25.1,22.65,58.5
2026-01-31 17:26:32,1769860592,21.6,25.1,22.63,59.0
2026-01-31 17:26:34,1769860594,21.7,25.2,22.61,59.5
2026-01-31 17:26:36,1769860596,1.2,25.2,22.58,58.75
2026-01-31 17:26:37,1769860597,20.0,25.2,22.56,59.0
2026-01-31 17:26:39,1769860599,1.2,25.1,22.54,57.0
2026-01-31 17:26:40,1769860600,2.7,24.8,22.52,55.38
2026-01-31 17:26:42,1769860602,2.0,24.8,22.5,53.88
2026-01-31 17:26:43,1769860603,0.7,24.7,22.48,52.38
